genre,prompt,original_response,generated_response
fantasy,you enter a mystical forest where ancient spirits dwell,"The moonlight filters through the ethereal leaves, revealing two paths ahead",", but you're not alone. The spirits are still there, and the humans can't seem to stop them.

The rest of us are going through the same things. We're going through the same things. The things that have been lost and forgotten. The things that have been rebuilt and re-built, but we still have that one thing left to be remembered.

I'm in this world to be loved and I'm in this world to be loved. I'm in this world to be loved by my friends and I'm in this world to be loved by my family. I'm in this world to be loved in order to be loved in order to be loved and I'm in this world to be loved in order to be loved and I'm in this world to be loved in order to be loved and I'm in this world to be loved and I'm in this world to be loved and I'm in this world to be loved and I'm in this world to be loved and I'm in this world to be loved and I'm in this world to be loved and I'm in this world to be loved and I'm in this world to be loved and I'm in this world to be loved and I'm in this world to be loved"
magic_school,"at the magical academy, you discover a forbidden spellbook","The leather-bound tome pulses with mysterious energy, its pages whispering secrets",". A copy of the book is hidden in the hallways of the academy. Inside are all the monsters you've encountered. This book is the source of many magical spells. The spellbook contains all of the spells that the wizard used and many others. The spellbook also contains a large selection of useful spells. And of course, the spellbook contains many more spells than you might expect.

The most important part of the spellbook is the spell list. In this section, you will find a list of all the spells you can cast. You can also find spellbook pages that contain all of the spells you can cast.

The spell list is not very useful, but it's pretty handy. The spell lists are organized by the class of the current spell.

When you first start to be introduced to the wizard, you will notice that they do not have all the spells they need. The magic wizards can also choose to not spell every spell they need. For example, the wizard can't cast a certain spell only as a spellcasting ability, or only as a spellcasting ability.

When you reach the wizard level for which you are now a wizard, you can use your action to cast an element of the magical spectrum spell. The"
slice_of_life,your train arrives at a small countryside station as cherry blossoms fall,The quiet platform holds only an elderly man feeding cats and a mysterious girl in a school uniform,".

""I'm not sure if it's because I've been out of town for a while, but it's a good way to go,"" said the 27-year-old.

""It means I'm really good at this kind of thing, and it's a good way to go to work."""
gaming_isekai,"in the virtual reality game world, you face the final boss","Your guild members have fallen, and only you remain to face the dragon emperor",", The Black Knight, who is an alien warrior who seeks to take down the Dark Knight.

The Black Knight is one of the few characters that is considered to be ""realistic"" in terms of physical appearance, with a black face, a black shirt and a black pants. This is not to say there is nothing wrong with these features. However, it is something to be aware of and to take into account when evaluating the game.

The game is based around a group of members of the Kratos family who are both fighting for the Kratos Family. Their main quest is to find a mysterious artifact that is capable of changing the fate of the Kratos family. The Kratos family is a family of Kratos, and if you play the game you will be able to unlock several new Kratos and unlock new characters.

The game has several endings, where you have to face the final boss of the game, The Black Knight, who will be able to take down the Kratos family. The final boss of the game, The Black Knight is a tough guy, who has his own battle strategy. He will use a combination of melee and ranged attacks to get to the final boss. The game itself has"
time_loop ,the time loop resets again as the school festival begins,"You remember everything from the previous 47 loops, but today feels different somehow",".

The next day, we find out that the school festival has ended, and that the school festival has ended.

The next day, we discover that the school festival has ended.

In the following day's news, we find out that the school festival has ended.

In the following day's news, we find out that the school festival has ended.

In the following day's news, we find out that the school festival has ended.

In the following day's news, we find out that the school festival has ended.

In the following day's news, we find out that the school festival has ended.

In the following day's news, we find out that the school festival has ended.

In the following day's news, we find out that the school festival has ended.

In the following day's news, we find out that the school festival has ended.

In the following day's news, we find out that the school festival has ended.

In the following day's news, we find out that the school festival has ended.

In the following day's news, we find out that the school festival has ended.

In the following day's"
